css property,theme property
animation,animations
borderBlockEndStyle,borderStyles
borderBlockStartStyle,borderStyles
borderBlockStyle,borderStyles
borderBottomStyle,borderStyles
borderInlineEndStyle,borderStyles
borderInlineStartStyle,borderStyles
borderInlineStyle,borderStyles
borderLeftStyle,borderStyles
borderRightStyle,borderStyles
borderStyle,borderStyles
borderTopStyle,borderStyles
borderBlockEndWidth,borderWidths
borderBlockStartWidth,borderWidths
borderBlockWidth,borderWidths
borderBottomWidth,borderWidths
borderInlineEndWidth,borderWidths
borderInlineStartWidth,borderWidths
borderInlineWidth,borderWidths
borderLeftWidth,borderWidths
borderRightWidth,borderWidths
borderTopWidth,borderWidths
borderWidth,borderWidths
border,borders
borderBlock,borders
borderBlockEnd,borders
borderBlockStart,borders
borderBottom,borders
borderInline,borders
borderInlineEnd,borders
borderInlineStart,borders
borderLeft,borders
borderRight,borders
borderTop,borders
backgroundColor,colors
borderBottomColor,colors
borderColor,colors
borderLeftColor,colors
borderRightColor,colors
borderTopColor,colors
caretColor,colors
color,colors
columnRuleColor,colors
fill,colors
outlineColor,colors
stroke,colors
fontFamily,fontFamilies
fontSize,fontSizes
fontWeight,fontWeights
animationName,keyframes
letterSpacing,letterSpacings
lineHeight,lineHeights
opacity,opacities
borderBottomLeftRadius,radii
borderBottomRightRadius,radii
borderRadius,radii
borderTopLeftRadius,radii
borderTopRightRadius,radii
boxShadow,shadows
textShadow,shadows
blockSize,sizes
flexBasis,sizes
height,sizes
inlineSize,sizes
maxBlockSize,sizes
maxHeight,sizes
maxInlineSize,sizes
maxWidth,sizes
minBlockSize,sizes
minHeight,sizes
minInlineSize,sizes
minWidth,sizes
width,sizes
bottom,spacings
columnGap,spacings
gap,spacings
gridColumnGap,spacings
gridGap,spacings
gridRowGap,spacings
inset,spacings
insetBlock,spacings
insetBlockEnd,spacings
insetBlockStart,spacings
insetInline,spacings
insetInlineEnd,spacings
insetInlineStart,spacings
left,spacings
margin,spacings
marginBlock,spacings
marginBlockEnd,spacings
marginBlockStart,spacings
marginBottom,spacings
marginInline,spacings
marginInlineEnd,spacings
marginInlineStart,spacings
marginLeft,spacings
marginRight,spacings
marginTop,spacings
padding,spacings
paddingBlock,spacings
paddingBlockEnd,spacings
paddingBlockStart,spacings
paddingBottom,spacings
paddingInline,spacings
paddingInlineEnd,spacings
paddingInlineStart,spacings
paddingLeft,spacings
paddingRight,spacings
paddingTop,spacings
right,spacings
rowGap,spacings
scrollPadding,spacings
scrollPaddingBottom,spacings
scrollPaddingLeft,spacings
scrollPaddingRight,spacings
scrollPaddingTop,spacings
top,spacings
transform,transforms
transition,transitions
zIndex,zIndices
accelerator,
accentColor,
WapAccesskey,
alignContent,
WebkitAlignContent,
alignItems,
WebkitAlignItems,
alignSelf,
WebkitAlignSelf,
alignmentBaseline,
all,
alt,
WebkitAlt,
animationDelay,
MozAnimationDelay,
msAnimationDelay,
WebkitAnimationDelay,
animationDirection,
MozAnimationDirection,
msAnimationDirection,
WebkitAnimationDirection,
animationDuration,
MozAnimationDuration,
msAnimationDuration,
WebkitAnimationDuration,
animationFillMode,
MozAnimationFillMode,
msAnimationFillMode,
WebkitAnimationFillMode,
animationIterationCount,
MozAnimationIterationCount,
msAnimationIterationCount,
WebkitAnimationIterationCount,
MozAnimation,
msAnimation,
MozAnimationName,
msAnimationName,
WebkitAnimationName,
animationPlayState,
MozAnimationPlayState,
msAnimationPlayState,
WebkitAnimationPlayState,
animationTimingFunction,
MozAnimationTimingFunction,
msAnimationTimingFunction,
WebkitAnimationTimingFunction,
WebkitAnimationTrigger,
WebkitAnimation,
WebkitAppRegion,
appearance,
MozAppearance,
WebkitAppearance,
ascentOverride,
aspectRatio,
WebkitAspectRatio,
audioLevel,
azimuth,
backdropFilter,
WebkitBackdropFilter,
backfaceVisibility,
MozBackfaceVisibility,
msBackfaceVisibility,
WebkitBackfaceVisibility,
background,
backgroundAttachment,
WebkitBackgroundAttachment,
backgroundBlendMode,
backgroundClip,
MozBackgroundClip,
WebkitBackgroundClip,
WebkitBackgroundColor,
WebkitBackgroundComposite,
backgroundImage,
WebkitBackgroundImage,
MozBackgroundInlinePolicy,
backgroundOrigin,
MozBackgroundOrigin,
WebkitBackgroundOrigin,
backgroundPosition,
WebkitBackgroundPosition,
backgroundPositionX,
WebkitBackgroundPositionX,
backgroundPositionY,
WebkitBackgroundPositionY,
backgroundRepeat,
WebkitBackgroundRepeat,
backgroundRepeatX,
backgroundRepeatY,
backgroundSize,
MozBackgroundSize,
WebkitBackgroundSize,
WebkitBackground,
baselineShift,
baselineSource,
behavior,
MozBinding,
blockEllipsis,
msBlockProgression,
blockStep,
blockStepAlign,
blockStepInsert,
blockStepRound,
blockStepSize,
bookmarkLabel,
bookmarkLevel,
bookmarkState,
WebkitBorderAfterColor,
WebkitBorderAfterStyle,
WebkitBorderAfter,
WebkitBorderAfterWidth,
WebkitBorderBeforeColor,
WebkitBorderBeforeStyle,
WebkitBorderBefore,
WebkitBorderBeforeWidth,
borderBlockColor,
borderBlockEndColor,
borderBlockStartColor,
MozBorderBottomColors,
WebkitBorderBottomLeftRadius,
WebkitBorderBottomRightRadius,
borderBoundary,
borderCollapse,
MozBorderEndColor,
WebkitBorderEndColor,
borderEndEndRadius,
MozBorderEnd,
borderEndStartRadius,
MozBorderEndStyle,
WebkitBorderEndStyle,
WebkitBorderEnd,
MozBorderEndWidth,
WebkitBorderEndWidth,
WebkitBorderFit,
WebkitBorderHorizontalSpacing,
borderImage,
MozBorderImage,
OBorderImage,
borderImageOutset,
WebkitBorderImageOutset,
borderImageRepeat,
WebkitBorderImageRepeat,
borderImageSlice,
WebkitBorderImageSlice,
borderImageSource,
WebkitBorderImageSource,
WebkitBorderImage,
borderImageWidth,
WebkitBorderImageWidth,
borderInlineColor,
borderInlineEndColor,
borderInlineStartColor,
MozBorderLeftColors,
MozBorderRadiusBottomleft,
MozBorderRadiusBottomright,
MozBorderRadius,
MozBorderRadiusTopleft,
MozBorderRadiusTopright,
WebkitBorderRadius,
MozBorderRightColors,
borderSpacing,
MozBorderStartColor,
WebkitBorderStartColor,
borderStartEndRadius,
MozBorderStart,
borderStartStartRadius,
MozBorderStartStyle,
WebkitBorderStartStyle,
WebkitBorderStart,
MozBorderStartWidth,
WebkitBorderStartWidth,
MozBorderTopColors,
WebkitBorderTopLeftRadius,
WebkitBorderTopRightRadius,
WebkitBorderVerticalSpacing,
MozBoxAlign,
WebkitBoxAlign,
boxDecorationBreak,
WebkitBoxDecorationBreak,
MozBoxDirection,
WebkitBoxDirection,
WebkitBoxFlexGroup,
MozBoxFlex,
WebkitBoxFlex,
WebkitBoxLines,
MozBoxOrdinalGroup,
WebkitBoxOrdinalGroup,
MozBoxOrient,
WebkitBoxOrient,
MozBoxPack,
WebkitBoxPack,
WebkitBoxReflect,
MozBoxShadow,
WebkitBoxShadow,
boxSizing,
MozBoxSizing,
WebkitBoxSizing,
boxSnap,
breakAfter,
breakBefore,
breakInside,
bufferedRendering,
captionSide,
caret,
caretShape,
chains,
clear,
clip,
clipPath,
WebkitClipPath,
clipRule,
colorAdjust,
WebkitColorCorrection,
colorInterpolation,
colorInterpolationFilters,
colorProfile,
colorRendering,
colorScheme,
WebkitColumnAxis,
WebkitColumnBreakAfter,
WebkitColumnBreakBefore,
WebkitColumnBreakInside,
columnCount,
MozColumnCount,
WebkitColumnCount,
columnFill,
MozColumnFill,
WebkitColumnFill,
MozColumnGap,
WebkitColumnGap,
columnProgression,
WebkitColumnProgression,
columnRule,
MozColumnRuleColor,
WebkitColumnRuleColor,
MozColumnRule,
columnRuleStyle,
MozColumnRuleStyle,
WebkitColumnRuleStyle,
WebkitColumnRule,
columnRuleWidth,
MozColumnRuleWidth,
WebkitColumnRuleWidth,
columnSpan,
MozColumnSpan,
WebkitColumnSpan,
columnWidth,
MozColumnWidth,
WebkitColumnWidth,
columns,
MozColumns,
WebkitColumns,
WebkitCompositionFillColor,
WebkitCompositionFrameColor,
contain,
containIntrinsicBlockSize,
containIntrinsicHeight,
containIntrinsicInlineSize,
containIntrinsicSize,
containIntrinsicWidth,
content,
contentVisibility,
msContentZoomChaining,
msContentZoomLimitMax,
msContentZoomLimitMin,
msContentZoomLimit,
msContentZoomSnap,
msContentZoomSnapPoints,
msContentZoomSnapType,
msContentZooming,
continue,
counterIncrement,
counterReset,
counterSet,
cue,
cueAfter,
cueBefore,
cursor,
WebkitCursorVisibility,
cx,
cy,
d,
AppleDashboardRegion,
WebkitDashboardRegion,
descentOverride,
direction,
display,
displayAlign,
dominantBaseline,
elevation,
emptyCells,
enableBackground,
fillBreak,
fillColor,
fillImage,
fillOpacity,
fillOrigin,
fillPosition,
fillRepeat,
fillRule,
fillSize,
filter,
msFilter,
WebkitFilter,
flex,
msFlexAlign,
WebkitFlexAlign,
WebkitFlexBasis,
flexDirection,
msFlexDirection,
WebkitFlexDirection,
flexFlow,
msFlexFlow,
WebkitFlexFlow,
flexGrow,
WebkitFlexGrow,
msFlexItemAlign,
WebkitFlexItemAlign,
msFlexLinePack,
WebkitFlexLinePack,
msFlex,
msFlexNegative,
msFlexOrder,
WebkitFlexOrder,
msFlexPack,
WebkitFlexPack,
msFlexPositive,
msFlexPreferredSize,
flexShrink,
WebkitFlexShrink,
WebkitFlex,
flexWrap,
msFlexWrap,
WebkitFlexWrap,
cssFloat,
floatDefer,
MozFloatEdge,
floatOffset,
floatReference,
floodColor,
floodOpacity,
flow,
flowFrom,
msFlowFrom,
WebkitFlowFrom,
flowInto,
msFlowInto,
WebkitFlowInto,
font,
fontDisplay,
fontFeatureSettings,
MozFontFeatureSettings,
msFontFeatureSettings,
WebkitFontFeatureSettings,
fontKerning,
WebkitFontKerning,
fontLanguageOverride,
MozFontLanguageOverride,
fontOpticalSizing,
fontPalette,
fontSizeAdjust,
WebkitFontSizeDelta,
WebkitFontSmoothing,
fontStretch,
fontStyle,
fontSynthesis,
fontSynthesisSmallCaps,
fontSynthesisStyle,
fontSynthesisWeight,
fontVariant,
fontVariantAlternates,
fontVariantCaps,
fontVariantEastAsian,
fontVariantEmoji,
fontVariantLigatures,
WebkitFontVariantLigatures,
fontVariantNumeric,
fontVariantPosition,
fontVariationSettings,
footnoteDisplay,
footnotePolicy,
MozForceBrokenImageIcon,
forcedColorAdjust,
glyphOrientationHorizontal,
glyphOrientationVertical,
grid,
WebkitGridAfter,
gridArea,
gridAutoColumns,
WebkitGridAutoColumns,
gridAutoFlow,
WebkitGridAutoFlow,
gridAutoRows,
WebkitGridAutoRows,
WebkitGridBefore,
gridColumn,
msGridColumnAlign,
gridColumnEnd,
msGridColumn,
msGridColumnSpan,
gridColumnStart,
WebkitGridColumn,
msGridColumns,
WebkitGridColumns,
WebkitGridEnd,
gridRow,
msGridRowAlign,
gridRowEnd,
msGridRow,
msGridRowSpan,
gridRowStart,
WebkitGridRow,
msGridRows,
WebkitGridRows,
WebkitGridStart,
gridTemplate,
gridTemplateAreas,
gridTemplateColumns,
gridTemplateRows,
hangingPunctuation,
msHighContrastAdjust,
WebkitHighlight,
hyphenateCharacter,
WebkitHyphenateCharacter,
WebkitHyphenateLimitAfter,
WebkitHyphenateLimitBefore,
hyphenateLimitChars,
msHyphenateLimitChars,
hyphenateLimitLast,
hyphenateLimitLines,
msHyphenateLimitLines,
WebkitHyphenateLimitLines,
hyphenateLimitZone,
msHyphenateLimitZone,
hyphens,
MozHyphens,
msHyphens,
WebkitHyphens,
imageOrientation,
MozImageRegion,
imageRendering,
imageResolution,
msImeAlign,
imeMode,
inherits,
initialLetter,
initialLetterAlign,
WebkitInitialLetter,
initialLetterWrap,
initialValue,
inlineSizing,
inputFormat,
WapInputFormat,
WapInputRequired,
msInterpolationMode,
isolation,
justifyContent,
WebkitJustifyContent,
justifyItems,
justifySelf,
WebkitJustifySelf,
kerning,
layoutFlow,
layoutGrid,
layoutGridChar,
layoutGridLine,
layoutGridMode,
layoutGridType,
leadingTrim,
lightingColor,
WebkitLineAlign,
WebkitLineBoxContain,
lineBreak,
WebkitLineBreak,
lineClamp,
WebkitLineClamp,
lineGapOverride,
lineGrid,
WebkitLineGridSnap,
WebkitLineGrid,
lineHeightStep,
lineIncrement,
linePadding,
lineSnap,
WebkitLineSnap,
OLink,
OLinkSource,
listStyle,
listStyleImage,
listStylePosition,
listStyleType,
WebkitLocale,
WebkitLogicalHeight,
WebkitLogicalWidth,
WebkitMarginAfterCollapse,
WebkitMarginAfter,
WebkitMarginBeforeCollapse,
WebkitMarginBefore,
WebkitMarginBottomCollapse,
marginBreak,
WebkitMarginCollapse,
MozMarginEnd,
WebkitMarginEnd,
MozMarginStart,
WebkitMarginStart,
WebkitMarginTopCollapse,
marginTrim,
marker,
markerEnd,
markerKnockoutLeft,
markerKnockoutRight,
markerMid,
markerOffset,
markerPattern,
markerSegment,
markerSide,
markerStart,
marks,
WapMarqueeDir,
WebkitMarqueeDirection,
WebkitMarqueeIncrement,
WapMarqueeLoop,
WebkitMarqueeRepetition,
WapMarqueeSpeed,
WebkitMarqueeSpeed,
WapMarqueeStyle,
WebkitMarqueeStyle,
WebkitMarquee,
mask,
WebkitMaskAttachment,
maskBorder,
maskBorderMode,
maskBorderOutset,
maskBorderRepeat,
maskBorderSlice,
maskBorderSource,
maskBorderWidth,
WebkitMaskBoxImageOutset,
WebkitMaskBoxImageRepeat,
WebkitMaskBoxImageSlice,
WebkitMaskBoxImageSource,
WebkitMaskBoxImage,
WebkitMaskBoxImageWidth,
maskClip,
WebkitMaskClip,
maskComposite,
WebkitMaskComposite,
maskImage,
WebkitMaskImage,
maskMode,
maskOrigin,
WebkitMaskOrigin,
maskPosition,
WebkitMaskPosition,
maskPositionX,
WebkitMaskPositionX,
maskPositionY,
WebkitMaskPositionY,
maskRepeat,
WebkitMaskRepeat,
WebkitMaskRepeatX,
WebkitMaskRepeatY,
maskSize,
WebkitMaskSize,
maskSourceType,
WebkitMaskSourceType,
maskType,
WebkitMask,
WebkitMatchNearestMailBlockquoteColor,
maxLines,
WebkitMaxLogicalHeight,
WebkitMaxLogicalWidth,
maxZoom,
minIntrinsicSizing,
WebkitMinLogicalHeight,
WebkitMinLogicalWidth,
minZoom,
mixBlendMode,
motion,
motionOffset,
motionPath,
motionRotation,
navDown,
navIndex,
navLeft,
navRight,
navUp,
WebkitNbspMode,
objectFit,
OObjectFit,
objectPosition,
OObjectPosition,
offset,
offsetAnchor,
offsetBlockEnd,
offsetBlockStart,
offsetDistance,
offsetInlineEnd,
offsetInlineStart,
offsetPath,
offsetPosition,
offsetRotate,
offsetRotation,
MozOpacity,
WebkitOpacity,
order,
WebkitOrder,
MozOrient,
orientation,
orphans,
MozOsxFontSmoothing,
outline,
MozOutlineColor,
MozOutline,
outlineOffset,
MozOutlineOffset,
MozOutlineRadiusBottomleft,
MozOutlineRadiusBottomright,
MozOutlineRadius,
MozOutlineRadiusTopleft,
MozOutlineRadiusTopright,
outlineStyle,
MozOutlineStyle,
outlineWidth,
MozOutlineWidth,
overflow,
overflowAnchor,
overflowBlock,
overflowClipMargin,
overflowInline,
WebkitOverflowScrolling,
msOverflowStyle,
overflowWrap,
overflowX,
overflowY,
overscrollBehavior,
overscrollBehaviorBlock,
overscrollBehaviorInline,
overscrollBehaviorX,
overscrollBehaviorY,
WebkitPaddingAfter,
WebkitPaddingBefore,
MozPaddingEnd,
WebkitPaddingEnd,
MozPaddingStart,
WebkitPaddingStart,
page,
pageBreakAfter,
pageBreakBefore,
pageBreakInside,
pageOrientation,
paintOrder,
pause,
pauseAfter,
pauseBefore,
penAction,
perspective,
MozPerspective,
msPerspective,
perspectiveOrigin,
MozPerspectiveOrigin,
msPerspectiveOrigin,
WebkitPerspectiveOrigin,
perspectiveOriginX,
WebkitPerspectiveOriginX,
perspectiveOriginY,
WebkitPerspectiveOriginY,
WebkitPerspective,
pitch,
pitchRange,
placeContent,
placeItems,
placeSelf,
playDuring,
pointerEvents,
position,
WebkitPrintColorAdjust,
propertyName,
quotes,
r,
WebkitRegionBreakAfter,
WebkitRegionBreakBefore,
WebkitRegionBreakInside,
regionFragment,
WebkitRegionFragment,
WebkitRegionOverflow,
resize,
rest,
restAfter,
restBefore,
richness,
rotate,
WebkitRtlOrdering,
rubyAlign,
rubyMerge,
rubyOverhang,
rubyPosition,
WebkitRubyPosition,
running,
rx,
ry,
scale,
scrollBehavior,
msScrollChaining,
msScrollLimit,
msScrollLimitXMax,
msScrollLimitXMin,
msScrollLimitYMax,
msScrollLimitYMin,
scrollMargin,
scrollMarginBlock,
scrollMarginBlockEnd,
scrollMarginBlockStart,
scrollMarginBottom,
scrollMarginInline,
scrollMarginInlineEnd,
scrollMarginInlineStart,
scrollMarginLeft,
scrollMarginRight,
scrollMarginTop,
scrollPaddingBlock,
scrollPaddingBlockEnd,
scrollPaddingBlockStart,
scrollPaddingInline,
scrollPaddingInlineEnd,
scrollPaddingInlineStart,
msScrollRails,
scrollSnapAlign,
scrollSnapCoordinate,
WebkitScrollSnapCoordinate,
scrollSnapDestination,
WebkitScrollSnapDestination,
scrollSnapMargin,
scrollSnapMarginBottom,
scrollSnapMarginLeft,
scrollSnapMarginRight,
scrollSnapMarginTop,
scrollSnapPointsX,
msScrollSnapPointsX,
WebkitScrollSnapPointsX,
scrollSnapPointsY,
msScrollSnapPointsY,
WebkitScrollSnapPointsY,
scrollSnapStop,
scrollSnapType,
msScrollSnapType,
WebkitScrollSnapType,
scrollSnapTypeX,
scrollSnapTypeY,
msScrollSnapX,
msScrollSnapY,
msScrollTranslation,
scrollbarArrowColor,
scrollbarBaseColor,
scrollbarColor,
scrollbarDarkShadowColor,
scrollbarDarkshadowColor,
scrollbarFaceColor,
scrollbarGutter,
scrollbarHighlightColor,
scrollbarShadowColor,
scrollbarTrackColor,
scrollbarWidth,
scrollbar3dLightColor,
scrollbar3dlightColor,
shapeImageThreshold,
WebkitShapeImageThreshold,
shapeInside,
WebkitShapeInside,
shapeMargin,
WebkitShapeMargin,
shapeOutside,
WebkitShapeOutside,
WebkitShapePadding,
shapeRendering,
size,
snapHeight,
solidColor,
solidOpacity,
spatialNavigationAction,
spatialNavigationContain,
spatialNavigationFunction,
speak,
speakAs,
speakHeader,
speakNumeral,
speakPunctuation,
speechRate,
src,
MozStackSizing,
stopColor,
stopOpacity,
stress,
stringSet,
strokeAlign,
strokeAlignment,
strokeBreak,
strokeColor,
strokeDashCorner,
strokeDashJustify,
strokeDashadjust,
strokeDasharray,
strokeDashcorner,
strokeDashoffset,
strokeImage,
strokeLinecap,
strokeLinejoin,
strokeMiterlimit,
strokeOpacity,
strokeOrigin,
strokePosition,
strokeRepeat,
strokeSize,
strokeWidth,
supportedColorSchemes,
WebkitSvgShadow,
syntax,
tabSize,
MozTabSize,
OTabSize,
OTableBaseline,
tableLayout,
WebkitTapHighlightColor,
textAlign,
textAlignAll,
textAlignLast,
MozTextAlignLast,
textAnchor,
textAutospace,
MozTextBlink,
msTextCombineHorizontal,
textCombineUpright,
WebkitTextCombine,
textDecoration,
textDecorationBlink,
textDecorationColor,
MozTextDecorationColor,
WebkitTextDecorationColor,
textDecorationLine,
MozTextDecorationLine,
textDecorationLineThrough,
WebkitTextDecorationLine,
textDecorationNone,
textDecorationOverline,
textDecorationSkip,
textDecorationSkipBox,
textDecorationSkipInk,
textDecorationSkipInset,
textDecorationSkipSelf,
textDecorationSkipSpaces,
WebkitTextDecorationSkip,
textDecorationStyle,
MozTextDecorationStyle,
WebkitTextDecorationStyle,
textDecorationThickness,
textDecorationUnderline,
WebkitTextDecoration,
WebkitTextDecorationsInEffect,
textEdge,
textEmphasis,
textEmphasisColor,
WebkitTextEmphasisColor,
textEmphasisPosition,
WebkitTextEmphasisPosition,
textEmphasisSkip,
textEmphasisStyle,
WebkitTextEmphasisStyle,
WebkitTextEmphasis,
WebkitTextFillColor,
textGroupAlign,
textIndent,
textJustify,
textJustifyTrim,
textKashida,
textKashidaSpace,
textLineThrough,
textLineThroughColor,
textLineThroughMode,
textLineThroughStyle,
textLineThroughWidth,
textOrientation,
WebkitTextOrientation,
textOverflow,
textOverline,
textOverlineColor,
textOverlineMode,
textOverlineStyle,
textOverlineWidth,
textRendering,
WebkitTextSecurity,
textSizeAdjust,
MozTextSizeAdjust,
msTextSizeAdjust,
WebkitTextSizeAdjust,
textSpaceCollapse,
textSpaceTrim,
textSpacing,
WebkitTextStrokeColor,
WebkitTextStroke,
WebkitTextStrokeWidth,
textTransform,
textUnderline,
textUnderlineColor,
textUnderlineMode,
textUnderlineOffset,
textUnderlinePosition,
WebkitTextUnderlinePosition,
textUnderlineStyle,
textUnderlineWidth,
textWrap,
WebkitTextZoom,
touchAction,
touchActionDelay,
msTouchAction,
WebkitTouchCallout,
msTouchSelect,
transformBox,
MozTransform,
msTransform,
OTransform,
transformOrigin,
MozTransformOrigin,
msTransformOrigin,
OTransformOrigin,
WebkitTransformOrigin,
transformOriginX,
WebkitTransformOriginX,
transformOriginY,
WebkitTransformOriginY,
transformOriginZ,
WebkitTransformOriginZ,
transformStyle,
MozTransformStyle,
msTransformStyle,
WebkitTransformStyle,
WebkitTransform,
transitionDelay,
MozTransitionDelay,
msTransitionDelay,
OTransitionDelay,
WebkitTransitionDelay,
transitionDuration,
MozTransitionDuration,
msTransitionDuration,
OTransitionDuration,
WebkitTransitionDuration,
MozTransition,
msTransition,
OTransition,
transitionProperty,
MozTransitionProperty,
msTransitionProperty,
OTransitionProperty,
WebkitTransitionProperty,
transitionTimingFunction,
MozTransitionTimingFunction,
msTransitionTimingFunction,
OTransitionTimingFunction,
WebkitTransitionTimingFunction,
WebkitTransition,
translate,
ucAltSkin,
ucSkin,
unicodeBidi,
unicodeRange,
WebkitUserDrag,
MozUserFocus,
MozUserInput,
MozUserModify,
WebkitUserModify,
userSelect,
MozUserSelect,
msUserSelect,
WebkitUserSelect,
userZoom,
vectorEffect,
verticalAlign,
viewportFill,
viewportFillOpacity,
viewportFit,
visibility,
voiceBalance,
voiceDuration,
voiceFamily,
voicePitch,
voiceRange,
voiceRate,
voiceStress,
voiceVolume,
volume,
whiteSpace,
WebkitWidgetRegion,
widows,
willChange,
MozWindowDragging,
MozWindowShadow,
wordBoundaryDetection,
wordBoundaryExpansion,
wordBreak,
wordSpacing,
wordWrap,
wrapAfter,
wrapBefore,
wrapFlow,
msWrapFlow,
WebkitWrapFlow,
wrapInside,
msWrapMargin,
WebkitWrapMargin,
WebkitWrapPadding,
WebkitWrapShapeInside,
WebkitWrapShapeOutside,
wrapThrough,
msWrapThrough,
WebkitWrapThrough,
WebkitWrap,
writingMode,
WebkitWritingMode,
x,
y,
zoom,